Workbook

Sheet Data
A1: transaction_id | B1: customer_id | C1: amount | D1: currency | E1: country | F1: transaction_type | G1: status
A2: 1001 | B2: 501 | C2: 450 | D2: EUR | E2: PL | F2: Transfer | G2: Completed
A3: 1002 | B3: 502 | C3: 12500 | D3: EUR | E3: DE | F3: Transfer | G3: Completed
A4: 1003 | B4: 501 | C4: 9200 | D4: EUR | E4: PL | F4: Card Payment | G4: Completed
A5: 1004 | B5: 503 | C5: 15000 | D5: USD | E5: US | F5: Transfer | G5: Pending
A6: 1005 | B6: 504 | C6: 780 | D6: EUR | E6: PL | F6: Card Payment | G6: Completed
A7: 1006 | B7: 502 | C7: 9800 | D7: EUR | E7: NL | F7: Transfer | G7: Completed
A8: 1007 | B8: 505 | C8: 25000 | D8: GBP | E8: GB | F8: Transfer | G8: Failed
A9: 1008 | B9: 503 | C9: 11000 | D9: USD | E9: US | F9: Transfer | G9: Completed
A10: 1009 | B10: 506 | C10: 320 | D10: EUR | E10: FR | F10: Card Payment | G10: Completed
A11: 1010 | B11: 502 | C11: 8700 | D11: EUR | E11: DE | F11: Transfer | G11: Completed
A12: 1011 | B12: 507 | C12: 10500 | D12: EUR | E12: PL | F12: Transfer | G12: Completed
A13: 1012 | B13: 508 | C13: 200 | D13: EUR | E13: PL | F13: Card Payment | G13: Declined

Sheet Exercises
A1: Excel Practice 01 | B1: Basics: formulas, SUM, AVERAGE, percentage change
A2: Task 1 | B2: For each transaction, calculate the amount increased by 10%.
A3: Task 2 | B3: For each transaction, calculate the amount after a 2% fee.
A4: Task 3 | B4: Calculate the average amount of all transactions.
A5: Task 4 | B5: Calculate the total amount of all transactions.
A6: Task 5 | B6: Using transactions 1002 and 1003, calculate the percentage change from the first amount to the second.
A7: Task 6 | B7: For transaction 1002, show original amount, a 10% increase, and the final amount.
A8: Task 7 | B8: Copy Tasks 1 and 2 down for all transactions using cell references.

Sheet Solutions
A1: transaction_id | B1: amount | C1: amount_plus_10pct | D1: amount_after_2pct_fee | F1: Summary
A2: =Data!A2 -> 1001 | B2: =Data!C2 -> 450 | C2: =B2*1.1 -> 495 | D2: =B2*0.98 -> 441 | F2: Total amount | G2: =SUM(Data!C2:C13) -> 103450
A3: =Data!A3 -> 1002 | B3: =Data!C3 -> 12500 | C3: =B3*1.1 -> 13750 | D3: =B3*0.98 -> 12250 | F3: Average amount | G3: =AVERAGE(Data!C2:C13) -> 8620.8333
A4: =Data!A4 -> 1003 | B4: =Data!C4 -> 9200 | C4: =B4*1.1 -> 10120 | D4: =B4*0.98 -> 9016
A5: =Data!A5 -> 1004 | B5: =Data!C5 -> 15000 | C5: =B5*1.1 -> 16500 | D5: =B5*0.98 -> 14700 | F5: Percentage change: 1002 → 1003 | G5: =(Data!C4-Data!C3)/Data!C3 -> -0.264
A6: =Data!A6 -> 1005 | B6: =Data!C6 -> 780 | C6: =B6*1.1 -> 858 | D6: =B6*0.98 -> 764.4
A7: =Data!A7 -> 1006 | B7: =Data!C7 -> 9800 | C7: =B7*1.1 -> 10780 | D7: =B7*0.98 -> 9604 | F7: Transaction 1002 original | G7: =Data!C3 -> 12500
A8: =Data!A8 -> 1007 | B8: =Data!C8 -> 25000 | C8: =B8*1.1 -> 27500 | D8: =B8*0.98 -> 24500 | F8: Percentage increase | G8: 0.1
A9: =Data!A9 -> 1008 | B9: =Data!C9 -> 11000 | C9: =B9*1.1 -> 12100 | D9: =B9*0.98 -> 10780 | F9: Transaction 1002 after increase | G9: =G7*(1+G8) -> 13750
A10: =Data!A10 -> 1009 | B10: =Data!C10 -> 320 | C10: =B10*1.1 -> 352 | D10: =B10*0.98 -> 313.6
A11: =Data!A11 -> 1010 | B11: =Data!C11 -> 8700 | C11: =B11*1.1 -> 9570 | D11: =B11*0.98 -> 8526
A12: =Data!A12 -> 1011 | B12: =Data!C12 -> 10500 | C12: =B12*1.1 -> 11550 | D12: =B12*0.98 -> 10290
A13: =Data!A13 -> 1012 | B13: =Data!C13 -> 200 | C13: =B13*1.1 -> 220 | D13: =B13*0.98 -> 196
